ds,trend,yhat_lower,yhat_upper,trend_lower,trend_upper,additive_terms,additive_terms_lower,additive_terms_upper,weekly,weekly_lower,weekly_upper,yearly,yearly_lower,yearly_upper,multiplicative_terms,multiplicative_terms_lower,multiplicative_terms_upper,yhat
2003-01-06,36349.35530232,-7632.341213404648,54740.215485806475,36349.35530232,36349.35530232,-13382.562603997621,-13382.562603997621,-13382.562603997621,-2827.7386051463905,-2827.7386051463905,-2827.7386051463905,-10554.82399885123,-10554.82399885123,-10554.82399885123,0.0,0.0,0.0,22966.79269832238
2003-01-09,36351.63080129037,2864.7065330997907,61831.1818882881,36351.63080129037,36351.63080129037,-3155.09579295692,-3155.09579295692,-3155.09579295692,5640.979314634788,5640.979314634788,5640.979314634788,-8796.075107591709,-8796.075107591709,-8796.075107591709,0.0,0.0,0.0,33196.53500833345
2003-01-10,36352.38930094715,-2214.443420353696,61402.6530598022,36352.38930094715,36352.38930094715,-6569.2987201215565,-6569.2987201215565,-6569.2987201215565,1549.3404823121991,1549.3404823121991,1549.3404823121991,-8118.639202433756,-8118.639202433756,-8118.639202433756,0.0,0.0,0.0,29783.090580825592
2003-01-29,36366.80079442612,7369.0235969756595,64889.24880459165,36366.80079442612,36366.80079442612,-2010.5244041627288,-2010.5244041627288,-2010.5244041627288,585.9050626786079,585.9050626786079,585.9050626786079,-2596.4294668413368,-2596.4294668413368,-2596.4294668413368,0.0,0.0,0.0,34356.27639026339
2003-01-31,36368.31779373969,4418.995231614168,65416.60810950467,36368.31779373969,36368.31779373969,-1355.396791929303,-1355.396791929303,-1355.396791929303,1549.34048229986,1549.34048229986,1549.34048229986,-2904.737274229163,-2904.737274229163,-2904.737274229163,0.0,0.0,0.0,35012.921001810384
2003-02-11,36376.66128996436,7393.524773990795,68739.67670861025,36376.66128996436,36376.66128996436,765.5767679425281,765.5767679425281,765.5767679425281,2351.6415171390004,2351.6415171390004,2351.6415171390004,-1586.0647491964726,-1586.0647491964726,-1586.0647491964726,0.0,0.0,0.0,37142.238057906885
2003-02-17,36381.21228790509,5705.788167199425,63413.63168923495,36381.21228790509,36381.21228790509,-1577.010246761902,-1577.010246761902,-1577.010246761902,-2827.7386051491435,-2827.7386051491435,-2827.7386051491435,1250.728358387242,1250.728358387242,1250.728358387242,0.0,0.0,0.0,34804.20204114319
2003-02-24,36386.5217855026,7280.746663375351,65368.43481223673,36386.5217855026,36386.5217855026,218.47518152582347,218.47518152582347,218.47518152582347,-2827.738605130958,-2827.738605130958,-2827.738605130958,3046.213786656782,3046.213786656782,3046.213786656782,0.0,0.0,0.0,36604.99696702842
2003-03-03,36391.83128402109,4235.030961803606,63288.840378159526,36391.83128402109,36391.83128402109,-2185.8719351030545,-2185.8719351030545,-2185.8719351030545,-2827.7386051295443,-2827.7386051295443,-2827.7386051295443,641.8666700264903,641.8666700264903,641.8666700264903,0.0,0.0,0.0,34205.95934891804
2003-03-10,36397.14078253959,-1622.6477647749077,59201.29918670244,36397.14078253959,36397.14078253959,-7575.666016652848,-7575.666016652848,-7575.666016652848,-2827.7386051351323,-2827.7386051351323,-2827.7386051351323,-4747.927411517716,-4747.927411517716,-4747.927411517716,0.0,0.0,0.0,28821.474765886738
2003-03-18,36403.208780846435,1438.2637826095631,59232.581796117396,36403.208780846435,36403.208780846435,-7524.21504981654,-7524.21504981654,-7524.21504981654,2351.641517135597,2351.641517135597,2351.641517135597,-9875.856566952136,-9875.856566952136,-9875.856566952136,0.0,0.0,0.0,28878.993731029896
2003-03-24,36407.75977957657,-9474.377934354963,52766.30859067514,36407.75977957657,36407.75977957657,-14261.093077425023,-14261.093077425023,-14261.093077425023,-2827.738605134421,-2827.738605134421,-2827.738605134421,-11433.3544722906,-11433.3544722906,-11433.3544722906,0.0,0.0,0.0,22146.666702151546
2003-03-25,36408.51827936492,-3312.9244011293463,55402.45474890007,36408.51827936492,36408.51827936492,-9204.596294733783,-9204.596294733783,-9204.596294733783,2351.641517128001,2351.641517128001,2351.641517128001,-11556.237811861783,-11556.237811861783,-11556.237811861783,0.0,0.0,0.0,27203.92198463114
2003-03-26,36409.276779153275,-1899.871374759396,53687.92421609412,36409.276779153275,36409.276779153275,-11074.325017559157,-11074.325017559157,-11074.325017559157,585.9050626663239,585.9050626663239,585.9050626663239,-11660.230080225481,-11660.230080225481,-11660.230080225481,0.0,0.0,0.0,25334.95176159412
2003-04-01,36413.82777788341,-6352.543237696879,55429.807998992015,36413.82777788341,36413.82777788341,-9952.920378945124,-9952.920378945124,-9952.920378945124,2351.641517134707,2351.641517134707,2351.641517134707,-12304.56189607983,-12304.56189607983,-12304.56189607983,0.0,0.0,0.0,26460.907398938285
2003-04-04,36416.10327766567,-4949.53655795016,54365.99427827899,36416.10327766567,36416.10327766567,-11306.011683500703,-11306.011683500703,-11306.011683500703,1549.3404823336903,1549.3404823336903,1549.3404823336903,-12855.352165834394,-12855.352165834394,-12855.352165834394,0.0,0.0,0.0,25110.09159416497
2003-04-11,36421.41277715761,-5755.9273979896525,53161.958350288165,36421.41277715761,36421.41277715761,-12907.425173673679,-12907.425173673679,-12907.425173673679,1549.3404823333076,1549.3404823333076,1549.3404823333076,-14456.765656006988,-14456.765656006988,-14456.765656006988,0.0,0.0,0.0,23513.987603483933
2003-04-16,36425.20527679471,-7737.76652223134,52271.14515489076,36425.20527679471,36425.20527679471,-14062.988059392934,-14062.988059392934,-14062.988059392934,585.9050626786806,585.9050626786806,585.9050626786806,-14648.893122071613,-14648.893122071613,-14648.893122071613,0.0,0.0,0.0,22362.217217401776
2003-04-21,36428.9977764318,-9350.226032377906,50613.73169714069,36428.9977764318,36428.9977764318,-15657.631760192318,-15657.631760192318,-15657.631760192318,-2827.7386051448857,-2827.7386051448857,-2827.7386051448857,-12829.893155047432,-12829.893155047432,-12829.893155047432,0.0,0.0,0.0,20771.366016239484
2003-04-28,36434.30727592375,-3736.994229577143,58049.19291554357,36434.30727592375,36434.30727592375,-9617.041570107172,-9617.041570107172,-9617.041570107172,-2827.7386051434723,-2827.7386051434723,-2827.7386051434723,-6789.3029649637,-6789.3029649637,-6789.3029649637,0.0,0.0,0.0,26817.265705816575
2003-04-29,36435.065775851166,2501.2410847951846,62372.5107561114,36435.065775851166,36435.065775851166,-3387.296982588248,-3387.296982588248,-3387.296982588248,2351.6415171359145,2351.6415171359145,2351.6415171359145,-5738.938499724163,-5738.938499724163,-5738.938499724163,0.0,0.0,0.0,33047.76879326292
2003-05-07,36441.13377527052,9358.437972612097,66937.07672300267,36441.13377527052,36441.13377527052,2118.0780707457943,2118.0780707457943,2118.0780707457943,585.9050626680803,585.9050626680803,585.9050626680803,1532.1730080777138,1532.1730080777138,1532.1730080777138,0.0,0.0,0.0,38559.21184601632
2003-05-08,36441.892275741775,14704.844034189064,74462.64891195514,36441.892275741775,36441.892275741775,7732.1421408333335,7732.1421408333335,7732.1421408333335,5640.979314639214,5640.979314639214,5640.979314639214,2091.16282619412,2091.16282619412,2091.16282619412,0.0,0.0,0.0,44174.03441657511
2003-05-20,36450.99428139687,7847.551439634006,69190.07783832886,36450.99428139687,36450.99428139687,2838.569096508219,2838.569096508219,2838.569096508219,2351.641517119097,2351.641517119097,2351.641517119097,486.92757938912206,486.92757938912206,486.92757938912206,0.0,0.0,0.0,39289.563377905084
2003-05-21,36451.75278186812,7409.755817147636,66301.69559351311,36451.75278186812,36451.75278186812,465.4026107797331,465.4026107797331,465.4026107797331,585.9050626957711,585.9050626957711,585.9050626957711,-120.50245191603817,-120.50245191603817,-120.50245191603817,0.0,0.0,0.0,36917.15539264785
2003-05-28,36457.06228516692,1207.4166965004147,64101.63461910985,36457.06228516692,36457.06228516692,-3507.62502478711,-3507.62502478711,-3507.62502478711,585.9050626574797,585.9050626574797,585.9050626574797,-4093.5300874445893,-4093.5300874445893,-4093.5300874445893,0.0,0.0,0.0,32949.43726037981
2003-06-03,36461.61328799446,1860.5044655383454,63804.49272101734,36461.61328799446,36461.61328799446,-3272.46793786328,-3272.46793786328,-3272.46793786328,2351.641517135496,2351.641517135496,2351.641517135496,-5624.1094549987765,-5624.1094549987765,-5624.1094549987765,0.0,0.0,0.0,33189.145350131184
2003-06-06,36463.88878940823,2468.0453903793964,61385.933149657685,36463.88878940823,36463.88878940823,-4147.018220152325,-4147.018220152325,-4147.018220152325,1549.3404823458961,1549.3404823458961,1549.3404823458961,-5696.358702498222,-5696.358702498222,-5696.358702498222,0.0,0.0,0.0,32316.870569255905
2003-06-12,36468.43979223577,6243.409432100853,67313.46223479719,36468.43979223577,36468.43979223577,217.41340750614847,217.41340750614847,217.41340750614847,5640.979314630734,5640.979314630734,5640.979314630734,-5423.5659071245855,-5423.5659071245855,-5423.5659071245855,0.0,0.0,0.0,36685.85319974192
2003-06-16,36471.473793953824,-728.5722844935605,60496.68892806153,36471.473793953824,36471.473793953824,-8440.116026969834,-8440.116026969834,-8440.116026969834,-2827.738605146928,-2827.738605146928,-2827.738605146928,-5612.3774218229055,-5612.3774218229055,-5612.3774218229055,0.0,0.0,0.0,28031.35776698399
2003-06-27,36479.81729867848,-217.2532476249817,59005.53965807233,36479.81729867848,36479.81729867848,-6442.268036496751,-6442.268036496751,-6442.268036496751,1549.3404823007406,1549.3404823007406,1549.3404823007406,-7991.60851879749,-7991.60851879749,-7991.60851879749,0.0,0.0,0.0,30037.549262181725
2003-07-01,36482.851300396534,1177.708781375569,59028.877553249804,36482.851300396534,36482.851300396534,-5817.878696639219,-5817.878696639219,-5817.878696639219,2351.641517136704,2351.641517136704,2351.641517136704,-8169.520213775923,-8169.520213775923,-8169.520213775923,0.0,0.0,0.0,30664.972603757316
2003-07-02,36483.609800826045,-1744.87410199677,58426.28469492956,36483.609800826045,36483.609800826045,-7459.731793945421,-7459.731793945421,-7459.731793945421,585.9050626745698,585.9050626745698,585.9050626745698,-8045.636856619991,-8045.636856619991,-8045.636856619991,0.0,0.0,0.0,29023.878006880623
2003-07-04,36485.12680168507,1965.5337613507343,59610.77690007596,36485.12680168507,36485.12680168507,-6019.300297686272,-6019.300297686272,-6019.300297686272,1549.3404823219819,1549.3404823219819,1549.3404823219819,-7568.640780008254,-7568.640780008254,-7568.640780008254,0.0,0.0,0.0,30465.826503998804
2003-07-10,36489.67780426215,7130.293608927687,66525.95850588646,36489.67780426215,36489.67780426215,1183.5624666123358,1183.5624666123358,1183.5624666123358,5640.979314640077,5640.979314640077,5640.979314640077,-4457.41684802774,-4457.41684802774,-4457.41684802774,0.0,0.0,0.0,37673.240270874485
2003-07-16,36494.228806839244,7646.358192772205,66785.21026839665,36494.228806839244,36494.228806839244,374.92810220692655,374.92810220692655,374.92810220692655,585.9050626876709,585.9050626876709,585.9050626876709,-210.97696048074437,-210.97696048074437,-210.97696048074437,0.0,0.0,0.0,36869.15690904617
2003-07-24,36500.29680989724,12945.939182865697,75938.7075442606,36500.29680989724,36500.29680989724,8738.034110010258,8738.034110010258,8738.034110010258,5640.9793146195525,5640.9793146195525,5640.9793146195525,3097.0547953907067,3097.0547953907067,3097.0547953907067,0.0,0.0,0.0,45238.3309199075
2003-08-01,36506.36481295524,8961.615145245385,71415.31789996865,36506.36481295524,36506.36481295524,3740.110723805289,3740.110723805289,3740.110723805289,1549.34048230926,1549.34048230926,1549.34048230926,2190.7702414960295,2190.7702414960295,2190.7702414960295,0.0,0.0,0.0,40246.475536760525
2003-08-08,36511.674315631,10006.3014256751,69389.19186162479,36511.674315631,36511.674315631,2861.304729071761,2861.304729071761,2861.304729071761,1549.3404823088774,1549.3404823088774,1549.3404823088774,1311.9642467628835,1311.9642467628835,1311.9642467628835,0.0,0.0,0.0,39372.979044702755
2003-08-10,36513.191316395496,11412.732279515598,73202.38489588318,36513.191316395496,36513.191316395496,6175.565843382177,6175.565843382177,6175.565843382177,4589.62436313779,4589.62436313779,4589.62436313779,1585.9414802443873,1585.9414802443873,1585.9414802443873,0.0,0.0,0.0,42688.75715977767
2003-08-13,36515.46681754224,10576.791440101413,69792.21307396307,36515.46681754224,36515.46681754224,3128.644910323897,3128.644910323897,3128.644910323897,585.9050626763262,585.9050626763262,585.9050626763262,2542.7398476475705,2542.7398476475705,2542.7398476475705,0.0,0.0,0.0,39644.11172786614
2003-08-25,36524.56882212925,12301.177041227564,73941.10698617648,36524.56882212925,36524.56882212925,5496.950202271962,5496.950202271962,5496.950202271962,-2827.7386051461426,-2827.7386051461426,-2827.7386051461426,8324.688807418106,8324.688807418106,8324.688807418106,0.0,0.0,0.0,42021.51902440121
2003-09-03,36531.395325569494,11279.285548136875,70784.9233005723,36531.395325569494,36531.395325569494,5272.477981755825,5272.477981755825,5272.477981755825,585.9050626657263,585.9050626657263,585.9050626657263,4686.572919090098,4686.572919090098,4686.572919090098,0.0,0.0,0.0,41803.87330732532
2003-09-05,36532.91232625618,8690.506867235032,70502.49175747887,36532.91232625618,36532.91232625618,4029.677605308248,4029.677605308248,4029.677605308248,1549.3404823505973,1549.3404823505973,1549.3404823505973,2480.337122957651,2480.337122957651,2480.337122957651,0.0,0.0,0.0,40562.58993156443
2003-09-11,36537.46332831622,2348.836906432468,68682.09126740051,36537.46332831622,36537.46332831622,3.2522282432170817,3.2522282432170817,3.2522282432170817,5640.979314633377,5640.979314633377,5640.979314633377,-5637.7270863901595,-5637.7270863901595,-5637.7270863901595,0.0,0.0,0.0,36540.71555655944
2003-09-12,36538.22182865955,-253.77585099070876,60502.679436847764,36538.22182865955,36538.22182865955,-5454.470634634079,-5454.470634634079,-5454.470634634079,1549.340482371838,1549.340482371838,1549.340482371838,-7003.8111170059165,-7003.8111170059165,-7003.8111170059165,0.0,0.0,0.0,31083.751194025474
2003-09-19,36543.531331062935,-5281.872219269424,54491.510014464584,36543.531331062935,36543.531331062935,-12480.736975721144,-12480.736975721144,-12480.736975721144,1549.3404823386397,1549.3404823386397,1549.3404823386397,-14030.077458059783,-14030.077458059783,-14030.077458059783,0.0,0.0,0.0,24062.794355341794
2003-09-21,36545.04833174962,-4798.91453387616,55354.378373405,36545.04833174962,36545.04833174962,-10157.957091255732,-10157.957091255732,-10157.957091255732,4589.62436313849,4589.62436313849,4589.62436313849,-14747.581454394222,-14747.581454394222,-14747.581454394222,0.0,0.0,0.0,26387.091240493886
2003-09-25,36548.08233312297,-3401.055151452141,58923.81286226157,36548.08233312297,36548.08233312297,-8376.93340454791,-8376.93340454791,-8376.93340454791,5640.979314655683,5640.979314655683,5640.979314655683,-14017.912719203594,-14017.912719203594,-14017.912719203594,0.0,0.0,0.0,28171.148928575058
2003-09-28,36550.357834152994,1131.5580384035952,62075.46059832032,36550.357834152994,36550.357834152994,-7015.060782979278,-7015.060782979278,-7015.060782979278,4589.624363145025,4589.624363145025,4589.624363145025,-11604.685146124304,-11604.685146124304,-11604.685146124304,0.0,0.0,0.0,29535.297051173715
2003-10-02,36553.391835953385,6063.4251225013495,63782.58886591894,36553.391835953385,36553.391835953385,-653.7764111295872,-653.7764111295872,-653.7764111295872,5640.979314649202,5640.979314649202,5640.979314649202,-6294.755725778789,-6294.755725778789,-6294.755725778789,0.0,0.0,0.0,35899.6154248238
2003-10-04,36554.90883685359,-8572.024291534908,51154.148931224314,36554.90883685359,36554.90883685359,-14862.324008577953,-14862.324008577953,-14862.324008577953,-11889.752134767614,-11889.752134767614,-11889.752134767614,-2972.5718738103405,-2972.5718738103405,-2972.5718738103405,0.0,0.0,0.0,21692.584828275634
2003-10-05,36555.66733730368,10406.412180115958,70308.54867546138,36555.66733730368,36555.66733730368,3392.209471133331,3392.209471133331,3392.209471133331,4589.624363132306,4589.624363132306,4589.624363132306,-1197.4148919989748,-1197.4148919989748,-1197.4148919989748,0.0,0.0,0.0,39947.87680843702
2003-10-06,36556.42583775378,5051.020041533428,66347.49778141349,36556.42583775378,36556.42583775378,-2195.1815180173417,-2195.1815180173417,-2195.1815180173417,-2827.738605137009,-2827.738605137009,-2827.738605137009,632.5570871196676,632.5570871196676,632.5570871196676,0.0,0.0,0.0,34361.244319736434
2003-10-08,36557.94283865397,11856.732597812044,72838.65282976822,36557.94283865397,36557.94283865397,4979.107574557192,4979.107574557192,4979.107574557192,585.9050626828162,585.9050626828162,585.9050626828162,4393.202511874376,4393.202511874376,4393.202511874376,0.0,0.0,0.0,41537.05041321117
2003-10-10,36559.459839554176,16693.723711224175,77848.20685711026,36559.459839554176,36559.459839554176,9733.940987836184,9733.940987836184,9733.940987836184,1549.3404823591163,1549.3404823591163,1549.3404823591163,8184.600505477066,8184.600505477066,8184.600505477066,0.0,0.0,0.0,46293.40082739036
2003-10-11,36560.21834000428,4882.93426172393,64241.338434582176,36560.21834000428,36560.21834000428,-1834.9450482907307,-1834.9450482907307,-1834.9450482907307,-11889.752134751083,-11889.752134751083,-11889.752134751083,10054.80708646035,10054.80708646035,10054.80708646035,0.0,0.0,0.0,34725.27329171354
2003-10-17,36564.76934256853,28907.234354856122,86597.0940602972,36564.76934256853,36564.76934256853,21661.815414710174,21661.815414710174,21661.815414710174,1549.340482325918,1549.340482325918,1549.340482325918,20112.47493238426,20112.47493238426,20112.47493238426,0.0,0.0,0.0,58226.5847572787
2003-10-18,36565.52784299591,15301.414476485978,78577.53440162372,36565.52784299591,36565.52784299591,9606.296717919822,9606.296717919822,9606.296717919822,-11889.752134754634,-11889.752134754634,-11889.752134754634,21496.048852674452,21496.048852674452,21496.048852674452,0.0,0.0,0.0,46171.82456091573
2003-10-20,36567.04484385066,27471.3231466626,88078.99292214806,36567.04484385066,36567.04484385066,21111.169583530937,21111.169583530937,21111.169583530937,-2827.7386051432986,-2827.7386051432986,-2827.7386051432986,23938.908188674235,23938.908188674235,23938.908188674235,0.0,0.0,0.0,57678.214427381594
2003-10-21,36567.803344278036,34112.69919899657,94733.05319337708,36567.803344278036,36567.803344278036,27338.54263386503,27338.54263386503,27338.54263386503,2351.641517118898,2351.641517118898,2351.641517118898,24986.90111674613,24986.90111674613,24986.90111674613,0.0,0.0,0.0,63906.345978143065
2003-10-22,36568.56184470541,33797.22009895486,93469.02790729913,36568.56184470541,36568.56184470541,26499.33853064602,26499.33853064602,26499.33853064602,585.9050626583701,585.9050626583701,585.9050626583701,25913.433467987652,25913.433467987652,25913.433467987652,0.0,0.0,0.0,63067.900375351426
2003-10-23,36569.320345132786,38924.386960547534,97892.87054163196,36569.320345132786,36569.320345132786,32356.37972317116,32356.37972317116,32356.37972317116,5640.979314622196,5640.979314622196,5640.979314622196,26715.400408548965,26715.400408548965,26715.400408548965,0.0,0.0,0.0,68925.70006830395
2003-10-28,36573.11284726967,34364.47133213505,96195.84175526309,36573.11284726967,36573.11284726967,31171.338944108746,31171.338944108746,31171.338944108746,2351.641517139909,2351.641517139909,2351.641517139909,28819.697426968836,28819.697426968836,28819.697426968836,0.0,0.0,0.0,67744.45179137842
2003-11-04,36578.422347436426,37327.86225718794,96553.65221215048,36578.422347436426,36578.422347436426,29239.97521273879,29239.97521273879,29239.97521273879,2351.6415171609196,2351.6415171609196,2351.6415171609196,26888.333695577872,26888.333695577872,26888.333695577872,0.0,0.0,0.0,65818.39756017522
2003-11-05,36579.180847460244,32469.89237345573,93873.7154986041,36579.180847460244,36579.180847460244,26837.073066211033,26837.073066211033,26837.073066211033,585.9050626568823,585.9050626568823,585.9050626568823,26251.16800355415,26251.16800355415,26251.16800355415,0.0,0.0,0.0,63416.25391367127
2003-11-06,36579.93934748407,36935.942827931074,96341.73641730515,36579.93934748407,36579.93934748407,31191.680219779737,31191.680219779737,31191.680219779737,5640.979314644501,5640.979314644501,5640.979314644501,25550.700905135232,25550.700905135232,25550.700905135232,0.0,0.0,0.0,67771.61956726381
2003-11-07,36580.697847507894,33247.801617547964,92621.38300139754,36580.697847507894,36580.697847507894,26346.90438270301,26346.90438270301,26346.90438270301,1549.3404823135784,1549.3404823135784,1549.3404823135784,24797.563900389436,24797.563900389436,24797.563900389436,0.0,0.0,0.0,62927.602230210905
2003-11-08,36581.45634753172,20364.17540468497,78405.92925296437,36581.45634753172,36581.45634753172,12113.030533924071,12113.030533924071,12113.030533924071,-11889.752134748014,-11889.752134748014,-11889.752134748014,24002.782668672087,24002.782668672087,24002.782668672087,0.0,0.0,0.0,48694.48688145579
2003-11-11,36583.73184760319,27746.428036678582,90862.7643778632,36583.73184760319,36583.73184760319,23833.13699149891,23833.13699149891,23833.13699149891,2351.6415171563094,2351.6415171563094,2351.6415171563094,21481.4954743426,21481.4954743426,21481.4954743426,0.0,0.0,0.0,60416.8688391021
2003-11-12,36584.490347627,26715.225367712792,86557.74831192975,36584.490347627,36584.490347627,21218.64920509666,21218.64920509666,21218.64920509666,585.9050626707269,585.9050626707269,585.9050626707269,20632.74414242593,20632.74414242593,20632.74414242593,0.0,0.0,0.0,57803.13955272366
2003-11-13,36585.24884728106,30961.840908678354,91576.70904390723,36585.24884728106,36585.24884728106,25438.671215010287,25438.671215010287,25438.671215010287,5640.979314634239,5640.979314634239,5640.979314634239,19797.69190037605,19797.69190037605,19797.69190037605,0.0,0.0,0.0,62023.92006229135
2003-11-14,36586.00734693513,26058.955456649648,86312.59923522043,36586.00734693513,36586.00734693513,20535.513701347372,20535.513701347372,20535.513701347372,1549.3404823131964,1549.3404823131964,1549.3404823131964,18986.173219034175,18986.173219034175,18986.173219034175,0.0,0.0,0.0,57121.5210482825
2003-11-18,36589.041345551355,25341.27328009167,83650.68287188458,36589.041345551355,36589.041345551355,18490.20247497219,18490.20247497219,18490.20247497219,2351.641517148713,2351.641517148713,2351.641517148713,16138.560957823474,16138.560957823474,16138.560957823474,0.0,0.0,0.0,55079.243820523545
2003-11-19,36589.799845205416,20872.591721312456,82883.1772853617,36589.799845205416,36589.799845205416,16142.249799467545,16142.249799467545,16142.249799467545,585.9050626845728,585.9050626845728,585.9050626845728,15556.344736782974,15556.344736782974,15556.344736782974,0.0,0.0,0.0,52732.04964467296
2003-11-20,36590.55834485948,27699.916835960776,87567.21913048718,36590.55834485948,36590.55834485948,20673.959589901373,20673.959589901373,20673.959589901373,5640.979314623978,5640.979314623978,5640.979314623978,15032.980275277398,15032.980275277398,15032.980275277398,0.0,0.0,0.0,57264.51793476085
2003-11-21,36591.31684451353,21047.705287020646,82673.29724673956,36591.31684451353,36591.31684451353,16118.494765472766,16118.494765472766,16118.494765472766,1549.340482279997,1549.340482279997,1549.340482279997,14569.154283192767,14569.154283192767,14569.154283192767,0.0,0.0,0.0,52709.8116099863
2003-11-25,36594.35084312977,22533.749079450103,80725.7304898492,36594.35084312977,36594.35084312977,15615.991481016348,15615.991481016348,15615.991481016348,2351.6415171411154,2351.6415171411154,2351.6415171411154,13264.349963875231,13264.349963875231,13264.349963875231,0.0,0.0,0.0,52210.34232414611
2003-11-26,36595.10934064526,20898.009110576666,79772.52185168878,36595.10934064526,36595.10934064526,13636.373877120172,13636.373877120172,13636.373877120172,585.9050626984177,585.9050626984177,585.9050626984177,13050.468814421753,13050.468814421753,13050.468814421753,0.0,0.0,0.0,50231.48321776543
2003-11-27,36595.867838160746,24564.56459840489,82561.48376824165,36595.867838160746,36595.867838160746,18507.295083309742,18507.295083309742,18507.295083309742,5640.979314656545,5640.979314656545,5640.979314656545,12866.315768653201,12866.315768653201,12866.315768653201,0.0,0.0,0.0,55103.16292147049
2003-12-01,36598.90182822272,15884.973454270394,76753.77460321136,36598.90182822272,36598.90182822272,9393.698373133066,9393.698373133066,9393.698373133066,-2827.7386051439344,-2827.7386051439344,-2827.7386051439344,12221.436978276999,12221.436978276999,12221.436978276999,0.0,0.0,0.0,45992.60020135579
2003-12-02,36599.66032573821,21508.074821408525,79747.31084426981,36599.66032573821,36599.66032573821,14378.555353638496,14378.555353638496,14378.555353638496,2351.641517139491,2351.641517139491,2351.641517139491,12026.913836499005,12026.913836499005,12026.913836499005,0.0,0.0,0.0,50978.215679376706
2003-12-03,36600.4188232537,18697.683399332,77687.35866418082,36600.4188232537,36600.4188232537,12382.105369729497,12382.105369729497,12382.105369729497,585.9050626601272,585.9050626601272,585.9050626601272,11796.200307069372,11796.200307069372,11796.200307069372,0.0,0.0,0.0,48982.5241929832
2003-12-05,36601.935818284685,21539.704333559643,79378.44226053548,36601.935818284685,36601.935818284685,12733.214300648722,12733.214300648722,12733.214300648722,1549.3404823008561,1549.3404823008561,1549.3404823008561,11183.873818347865,11183.873818347865,11183.873818347865,0.0,0.0,0.0,49335.15011893341
2003-12-09,36604.96980834664,17385.280444330376,78683.21144836445,36604.96980834664,36604.96980834664,11473.31690460875,11473.31690460875,11473.31690460875,2351.641517131895,2351.641517131895,2351.641517131895,9121.675387476855,9121.675387476855,9121.675387476855,0.0,0.0,0.0,48078.28671295539
2004-01-02,36623.173738659454,-4415.920510397475,53527.44126972928,36623.173738659454,36623.173738659454,-10190.34871407459,-10190.34871407459,-10190.34871407459,1549.3404823425753,1549.3404823425753,1549.3404823425753,-11739.689196417165,-11739.689196417165,-11739.689196417165,0.0,0.0,0.0,26432.825024584865
2004-01-09,36628.48321833402,-704.4902340091348,57693.24594955084,36628.48321833402,36628.48321833402,-7411.228342311408,-7411.228342311408,-7411.228342311408,1549.3404823638175,1549.3404823638175,1549.3404823638175,-8960.568824675225,-8960.568824675225,-8960.568824675225,0.0,0.0,0.0,29217.254876022613
2004-01-12,36630.758709623115,-2864.42212558554,56737.32205416141,36630.758709623115,36630.758709623115,-9724.271838502355,-9724.271838502355,-9724.271838502355,-2827.7386051348,-2827.7386051348,-2827.7386051348,-6896.533233367554,-6896.533233367554,-6896.533233367554,0.0,0.0,0.0,26906.48687112076
2004-01-15,36633.034200912225,6513.803935525248,67190.03928534918,36633.034200912225,36633.034200912225,741.6620159504852,741.6620159504852,741.6620159504852,5640.979314596054,5640.979314596054,5640.979314596054,-4899.317298645568,-4899.317298645568,-4899.317298645568,0.0,0.0,0.0,37374.69621686271
2004-01-16,36633.79269800859,2220.731765734044,61875.831248783245,36633.79269800859,36633.79269800859,-2762.7811594022974,-2762.7811594022974,-2762.7811594022974,1549.340482330618,1549.340482330618,1549.340482330618,-4312.121641732915,-4312.121641732915,-4312.121641732915,0.0,0.0,0.0,33871.01153860629
2004-01-22,36638.34368058679,8777.04733267982,71034.23461446774,36638.34368058679,36638.34368058679,3453.9289764146065,3453.9289764146065,3453.9289764146065,5640.979314624839,5640.979314624839,5640.979314624839,-2187.050338210233,-2187.050338210233,-2187.050338210233,0.0,0.0,0.0,40092.2726570014
2004-01-26,36641.37766897225,1434.6753633677329,61372.58626496086,36641.37766897225,36641.37766897225,-4976.268191867473,-4976.268191867473,-4976.268191867473,-2827.7386051270882,-2827.7386051270882,-2827.7386051270882,-2148.5295867403856,-2148.5295867403856,-2148.5295867403856,0.0,0.0,0.0,31665.10947710478
2004-01-29,36643.65316026136,9583.315672056027,70877.10818443482,36643.65316026136,36643.65316026136,3084.6975930379294,3084.6975930379294,3084.6975930379294,5640.979314653626,5640.979314653626,5640.979314653626,-2556.2817216156973,-2556.2817216156973,-2556.2817216156973,0.0,0.0,0.0,39728.35075329929
2004-02-02,36646.68714687316,904.136351059181,58988.32956001117,36646.68714687316,36646.68714687316,-5933.920513664576,-5933.920513664576,-5933.920513664576,-2827.7386051396766,-2827.7386051396766,-2827.7386051396766,-3106.1819085248994,-3106.1819085248994,-3106.1819085248994,0.0,0.0,0.0,30712.766633208586
2004-02-04,36648.20414017906,5946.709885947376,63947.78787086121,36648.20414017906,36648.20414017906,-2601.476403216343,-2601.476403216343,-2601.476403216343,585.905062680462,585.905062680462,585.905062680462,-3187.3814658968054,-3187.3814658968054,-3187.3814658968054,0.0,0.0,0.0,34046.72773696272
2004-02-10,36652.755120096765,7658.1917158101205,66308.00288843217,36652.755120096765,36652.755120096765,279.89861045025106,279.89861045025106,279.89861045025106,2351.641517126713,2351.641517126713,2351.641517126713,-2071.7429066764626,-2071.7429066764626,-2071.7429066764626,0.0,0.0,0.0,36932.65373054702
2004-02-12,36654.27211340267,10913.545794200196,70558.1757882897,36654.27211340267,36654.27211340267,4377.640015413978,4377.640015413978,4377.640015413978,5640.979314636883,5640.979314636883,5640.979314636883,-1263.339299222905,-1263.339299222905,-1263.339299222905,0.0,0.0,0.0,41031.91212881665
2004-02-18,36658.823093320374,10162.307595756633,71209.08303464449,36658.823093320374,36658.823093320374,2170.001689705076,2170.001689705076,2170.001689705076,585.9050626789729,585.9050626789729,585.9050626789729,1584.096627026103,1584.096627026103,1584.096627026103,0.0,0.0,0.0,38828.82478302545
2004-02-19,36659.58158997333,13901.818428853469,73417.74060269416,36659.58158997333,36659.58158997333,7633.46963236955,7633.46963236955,7633.46963236955,5640.979314626621,5640.979314626621,5640.979314626621,1992.490317742928,1992.490317742928,1992.490317742928,0.0,0.0,0.0,44293.05122234288
2004-02-20,36660.34008662627,10674.05284893802,70734.07716783693,36660.34008662627,36660.34008662627,3897.935918816927,3897.935918816927,3897.935918816927,1549.3404822846971,1549.3404822846971,1549.3404822846971,2348.59543653223,2348.59543653223,2348.59543653223,0.0,0.0,0.0,40558.27600544319
2004-02-21,36661.09858362745,-5538.555184484613,57020.563852151834,36661.09858362745,36661.09858362745,-9248.463163922235,-9248.463163922235,-9248.463163922235,-11889.752134755086,-11889.752134755086,-11889.752134755086,2641.288970832851,2641.288970832851,2641.288970832851,0.0,0.0,0.0,27412.635419705213
2004-02-22,36661.85708062863,11697.732093527495,74248.93202743708,36661.85708062863,36661.85708062863,7450.334757199737,7450.334757199737,7450.334757199737,4589.624363122468,4589.624363122468,4589.624363122468,2860.710394077269,2860.710394077269,2860.710394077269,0.0,0.0,0.0,44112.191837828366
2004-02-26,36664.89106863335,14019.957534890245,76122.86074710828,36664.89106863335,36664.89106863335,8507.368218056394,8507.368218056394,8507.368218056394,5640.9793146554075,5640.9793146554075,5640.9793146554075,2866.3889034009853,2866.3889034009853,2866.3889034009853,0.0,0.0,0.0,45172.25928668974
2004-03-02,36668.68355363925,9575.527696887157,70049.44464340074,36668.68355363925,36668.68355363925,3149.936929894615,3149.936929894615,3149.936929894615,2351.641517164123,2351.641517164123,2351.641517164123,798.2954127304916,798.2954127304916,798.2954127304916,0.0,0.0,0.0,39818.62048353386
2004-03-10,36674.751529648674,1109.9060462547418,62135.8503488066,36674.751529648674,36674.751529648674,-4760.261606589733,-4760.261606589733,-4760.261606589733,585.9050626683726,585.9050626683726,585.9050626683726,-5346.166669258106,-5346.166669258106,-5346.166669258106,0.0,0.0,0.0,31914.489923058944
2004-03-11,36675.51002664986,5771.827599951091,65798.48630780245,36675.51002664986,36675.51002664986,-479.0874390949412,-479.0874390949412,-479.0874390949412,5640.979314638665,5640.979314638665,5640.979314638665,-6120.066753733606,-6120.066753733606,-6120.066753733606,0.0,0.0,0.0,36196.422587554924
2004-03-15,36678.54401465458,-5958.222689348236,54926.68574748768,36678.54401465458,36678.54401465458,-11606.660286791805,-11606.660286791805,-11606.660286791805,-2827.738605149432,-2827.738605149432,-2827.738605149432,-8778.921681642372,-8778.921681642372,-8778.921681642372,0.0,0.0,0.0,25071.883727862776
2004-03-19,36681.57799797684,-1698.2838105489998,57583.13626735698,36681.57799797684,36681.57799797684,-8968.157898933388,-8968.157898933388,-8968.157898933388,1549.3404822719756,1549.3404822719756,1549.3404822719756,-10517.498381205365,-10517.498381205365,-10517.498381205365,0.0,0.0,0.0,27713.420099043455
2004-03-20,36682.33649380741,-19278.704285445605,43276.51040803244,36682.33649380741,36682.33649380741,-22696.547414327462,-22696.547414327462,-22696.547414327462,-11889.752134757635,-11889.752134757635,-11889.752134757635,-10806.79527956983,-10806.79527956983,-10806.79527956983,0.0,0.0,0.0,13985.789079479946
2004-03-29,36689.1629562825,-8989.179600099113,49523.58862149361,36689.1629562825,36689.1629562825,-14843.774339397445,-14843.774339397445,-14843.774339397445,-2827.738605146605,-2827.738605146605,-2827.738605146605,-12016.035734250841,-12016.035734250841,-12016.035734250841,0.0,0.0,0.0,21845.38861688505
2004-04-02,36692.196939604764,-4352.468776174734,53847.6666973532,36692.196939604764,36692.196939604764,-11052.91721647192,-11052.91721647192,-11052.91721647192,1549.3404823472752,1549.3404823472752,1549.3404823472752,-12602.257698819194,-12602.257698819194,-12602.257698819194,0.0,0.0,0.0,25639.279723132844
2004-04-03,36692.95543543533,-18703.071221266444,43136.73858853462,36692.95543543533,36692.95543543533,-24691.988168043823,-24691.988168043823,-24691.988168043823,-11889.75213476474,-11889.75213476474,-11889.75213476474,-12802.236033279083,-12802.236033279083,-12802.236033279083,0.0,0.0,0.0,12000.967267391508
2004-04-05,36694.47242709646,-9675.144783298423,49586.36606166991,36694.47242709646,36694.47242709646,-16083.330298270243,-16083.330298270243,-16083.330298270243,-2827.738605154308,-2827.738605154308,-2827.738605154308,-13255.591693115937,-13255.591693115937,-13255.591693115937,0.0,0.0,0.0,20611.142128826214
2004-04-09,36697.50641041872,-4149.583114848143,54935.99620484738,36697.50641041872,36697.50641041872,-12662.005281220416,-12662.005281220416,-12662.005281220416,1549.340482346893,1549.340482346893,1549.340482346893,-14211.345763567308,-14211.345763567308,-14211.345763567308,0.0,0.0,0.0,24035.501129198303
2004-04-12,36699.78190024083,-8842.476891803468,48987.98950663674,36699.78190024083,36699.78190024083,-17523.90360689334,-17523.90360689334,-17523.90360689334,-2827.738605134007,-2827.738605134007,-2827.738605134007,-14696.165001759333,-14696.165001759333,-14696.165001759333,0.0,0.0,0.0,19175.87829334749
2004-04-13,36700.5403968482,-6552.408240051594,54425.66109258162,36700.5403968482,36700.5403968482,-12407.840842785454,-12407.840842785454,-12407.840842785454,2351.6415171275025,2351.6415171275025,2351.6415171275025,-14759.482359912956,-14759.482359912956,-14759.482359912956,0.0,0.0,0.0,24292.699554062747
2004-04-20,36705.849873099774,-2625.2127395058324,55772.69705938107,36705.849873099774,36705.849873099774,-10624.860180986156,-10624.860180986156,-10624.860180986156,2351.6415171199055,2351.6415171199055,2351.6415171199055,-12976.501698106062,-12976.501698106062,-12976.501698106062,0.0,0.0,0.0,26080.989692113617
2004-04-26,36710.40085274399,-4617.376208476498,53428.65021931313,36710.40085274399,36710.40085274399,-10899.439751077152,-10899.439751077152,-10899.439751077152,-2827.7386051262947,-2827.7386051262947,-2827.7386051262947,-8071.701145950856,-8071.701145950856,-8071.701145950856,0.0,0.0,0.0,25810.961101666835
2004-04-29,36712.67634256609,7664.384134385183,67679.12811833069,36712.67634256609,36712.67634256609,693.867238459034,693.867238459034,693.867238459034,5640.9793146172215,5640.9793146172215,5640.9793146172215,-4947.112076158188,-4947.112076158188,-4947.112076158188,0.0,0.0,0.0,37406.54358102512
2004-05-04,36716.468825602926,8615.025163187727,67354.87295952607,36716.468825602926,36716.468825602926,2258.0464903811135,2258.0464903811135,2258.0464903811135,2351.641517136307,2351.641517136307,2351.641517136307,-93.59502675519309,-93.59502675519309,-93.59502675519309,0.0,0.0,0.0,38974.51531598404
2004-05-05,36717.227322210296,8138.288898884171,66399.58024674894,36717.227322210296,36717.227322210296,1273.4830554603907,1273.4830554603907,1273.4830554603907,585.905062674863,585.905062674863,585.905062674863,687.5779927855278,687.5779927855278,687.5779927855278,0.0,0.0,0.0,37990.710377670686
2004-05-07,36718.74431444127,9533.109668426292,69930.11564368555,36718.74431444127,36718.74431444127,3510.9555810316683,3510.9555810316683,3510.9555810316683,1549.3404823557953,1549.3404823557953,1549.3404823557953,1961.615098675873,1961.615098675873,1961.615098675873,0.0,0.0,0.0,40229.699895472935
2004-05-08,36719.50281055676,-2198.5016919745844,55287.42801365887,36719.50281055676,36719.50281055676,-9452.044588305622,-9452.044588305622,-9452.044588305622,-11889.752134747947,-11889.752134747947,-11889.752134747947,2437.707546442325,2437.707546442325,2437.707546442325,0.0,0.0,0.0,27267.458222251138
2004-05-11,36721.778298903235,12179.119479627121,71473.0602697838,36721.778298903235,36721.778298903235,5520.536042374208,5520.536042374208,5520.536042374208,2351.64151712871,2351.64151712871,2351.64151712871,3168.8945252454982,3168.8945252454982,3168.8945252454982,0.0,0.0,0.0,42242.314341277444
2004-05-18,36727.08777171165,11243.80370096432,71219.20135713725,36727.08777171165,36727.08777171165,3554.899458858367,3554.899458858367,3554.899458858367,2351.641517124099,2351.641517124099,2351.641517124099,1203.2579417342677,1203.2579417342677,1203.2579417342677,0.0,0.0,0.0,40281.98723057002
2004-05-26,36733.15574063556,4723.5210717826485,63313.214332497766,36733.15574063556,36733.15574063556,-2924.222022249538,-2924.222022249538,-2924.222022249538,585.9050626872187,585.9050626872187,585.9050626872187,-3510.1270849367565,-3510.1270849367565,-3510.1270849367565,0.0,0.0,0.0,33808.93371838602
2004-06-01,36737.70671732848,4226.703242220647,61309.4938448327,36737.70671732848,36737.70671732848,-3125.5539586420527,-3125.5539586420527,-3125.5539586420527,2351.641517137513,2351.641517137513,2351.641517137513,-5477.195475779566,-5477.195475779566,-5477.195475779566,0.0,0.0,0.0,33612.152758686425
2004-06-04,36739.98220567495,1434.3917857039494,64094.454981897514,36739.98220567495,36739.98220567495,-4156.9805121488525,-4156.9805121488525,-4156.9805121488525,1549.3404823430735,1549.3404823430735,1549.3404823430735,-5706.320994491926,-5706.320994491926,-5706.320994491926,0.0,0.0,0.0,32583.001693526094
2004-06-08,36743.01619074806,4121.546637602836,63630.94520158465,36743.01619074806,36743.01619074806,-3212.751251009717,-3212.751251009717,-3212.751251009717,2351.6415171299172,2351.6415171299172,2351.6415171299172,-5564.392768139634,-5564.392768139634,-5564.392768139634,0.0,0.0,0.0,33530.26493973834
2004-06-14,36747.56716835773,-1186.3129552599905,59961.827512981254,36747.56716835773,36747.56716835773,-8322.95483486116,-8322.95483486116,-8322.95483486116,-2827.7386051486374,-2827.7386051486374,-2827.7386051486374,-5495.216229712524,-5495.216229712524,-5495.216229712524,0.0,0.0,0.0,28424.61233349657
2004-06-15,36748.32566462601,4797.164285414141,63548.45708570021,36748.32566462601,36748.32566462601,-3232.806287086449,-3232.806287086449,-3232.806287086449,2351.641517125306,2351.641517125306,2351.641517125306,-5584.447804211755,-5584.447804211755,-5584.447804211755,0.0,0.0,0.0,33515.51937753956
2004-06-17,36749.84265716257,7145.761239204742,66589.93367100779,36749.84265716257,36749.84265716257,-228.53839129208004,-228.53839129208004,-228.53839129208004,5640.979314631047,5640.979314631047,5640.979314631047,-5869.517705923126,-5869.517705923126,-5869.517705923126,0.0,0.0,0.0,36521.30426587049
2004-06-24,36755.152131040515,4702.316018480939,63481.96048095083,36755.152131040515,36755.152131040515,-1900.4602741510662,-1900.4602741510662,-1900.4602741510662,5640.979314659833,5640.979314659833,5640.979314659833,-7541.439588810899,-7541.439588810899,-7541.439588810899,0.0,0.0,0.0,34854.69185688945
2004-06-28,36758.186116113626,-3073.732031335818,54692.56479369761,36758.186116113626,36758.186116113626,-11016.903799646792,-11016.903799646792,-11016.903799646792,-2827.7386051458107,-2827.7386051458107,-2827.7386051458107,-8189.16519450098,-8189.16519450098,-8189.16519450098,0.0,0.0,0.0,25741.282316466833
2004-06-30,36759.70310865018,-1087.8818396439808,60303.883304248215,36759.70310865018,36759.70310865018,-7603.0338696933295,-7603.0338696933295,-7603.0338696933295,585.9050626521736,585.9050626521736,585.9050626521736,-8188.938932345504,-8188.938932345504,-8188.938932345504,0.0,0.0,0.0,29156.669238956852
2004-07-02,36761.22010022776,1211.2012149931484,63527.901982185,36761.22010022776,36761.22010022776,-6353.6090309455385,-6353.6090309455385,-6353.6090309455385,1549.3404822975356,1549.3404822975356,1549.3404822975356,-7902.949513243076,-7902.949513243076,-7902.949513243076,0.0,0.0,0.0,30407.61106928222
2004-07-06,36764.25408338288,3971.5139217831347,63185.20873125365,36764.25408338288,36764.25408338288,-4069.4784846719062,-4069.4784846719062,-4069.4784846719062,2351.641517137096,2351.641517137096,2351.641517137096,-6421.120001809003,-6421.120001809003,-6421.120001809003,0.0,0.0,0.0,32694.775598710978
2004-07-07,36765.01257917167,-265.4140497337431,61168.67486807074,36765.01257917167,36765.01257917167,-5290.634651773682,-5290.634651773682,-5290.634651773682,585.905062666018,585.905062666018,585.905062666018,-5876.5397144397,-5876.5397144397,-5876.5397144397,0.0,0.0,0.0,31474.37792739799
2004-07-16,36771.839041270716,7167.37586574607,67051.7124897392,36771.839041270716,36771.839041270716,1822.5874806348977,1822.5874806348977,1822.5874806348977,1549.3404823400183,1549.3404823400183,1549.3404823400183,273.2469982948794,273.2469982948794,273.2469982948794,0.0,0.0,0.0,38594.42652190561
2004-07-19,36774.11452863707,6420.259970035687,63924.98194185055,36774.11452863707,36774.11452863707,-926.2871230860756,-926.2871230860756,-926.2871230860756,-2827.738605150687,-2827.738605150687,-2827.738605150687,1901.4514820646116,1901.4514820646116,1901.4514820646116,0.0,0.0,0.0,35847.82740555099
2004-07-20,36774.87302442585,11958.423991446343,74926.80763632251,36774.87302442585,36774.87302442585,4660.780499025815,4660.780499025815,4660.780499025815,2351.6415171219032,2351.6415171219032,2351.6415171219032,2309.1389819039105,2309.1389819039105,2309.1389819039105,0.0,0.0,0.0,41435.65352345166
2004-07-21,36775.63152021462,9928.101554494855,68197.31629333885,36775.63152021462,36775.63152021462,3226.2239681812903,3226.2239681812903,3226.2239681812903,585.9050626937086,585.9050626937086,585.9050626937086,2640.318905487582,2640.318905487582,2640.318905487582,0.0,0.0,0.0,40001.855488395915
2004-07-23,36777.148509551545,9820.140905616756,72815.95900143462,36777.148509551545,36777.148509551545,4615.247166075963,4615.247166075963,4615.247166075963,1549.3404823396356,1549.3404823396356,1549.3404823396356,3065.9066837363275,3065.9066837363275,3065.9066837363275,0.0,0.0,0.0,41392.39567562751
2004-08-02,36784.73345623615,5576.587989050847,65400.77832594506,36784.73345623615,36784.73345623615,-1028.8438076310258,-1028.8438076310258,-1028.8438076310258,-2827.738605138091,-2827.738605138091,-2827.738605138091,1798.894797507065,1798.894797507065,1798.894797507065,0.0,0.0,0.0,35755.88964860512
2004-08-04,36786.250445573074,8389.524628747928,69844.00813956729,36786.250445573074,36786.250445573074,2033.9482950254478,2033.9482950254478,2033.9482950254478,585.9050626692638,585.9050626692638,585.9050626692638,1448.0432323561845,1448.0432323561845,1448.0432323561845,0.0,0.0,0.0,38820.19874059852
2004-08-06,36787.76743490999,10650.038018332469,70491.12751620296,36787.76743490999,36787.76743490999,2835.560248538602,2835.560248538602,2835.560248538602,1549.340482338871,1549.340482338871,1549.340482338871,1286.219766199731,1286.219766199731,1286.219766199731,0.0,0.0,0.0,39623.327683448595
2004-08-09,36790.04291891537,8150.407546117205,65713.53315061907,36790.04291891537,36790.04291891537,-1292.2566425951266,-1292.2566425951266,-1292.2566425951266,-2827.738605136676,-2827.738605136676,-2827.738605136676,1535.4819625415498,1535.4819625415498,1535.4819625415498,0.0,0.0,0.0,35497.78627632024
2004-08-17,36796.11087626306,16115.053317748618,73374.21445173727,36796.11087626306,36796.11087626306,7396.623314457092,7396.623314457092,7396.623314457092,2351.641517123111,2351.641517123111,2351.641517123111,5044.981797333981,5044.981797333981,5044.981797333981,0.0,0.0,0.0,44192.734190720155
2004-08-19,36797.62786559998,14824.330009302532,77859.3927698162,36797.62786559998,36797.62786559998,11842.524392790281,11842.524392790281,11842.524392790281,5640.979314631908,5640.979314631908,5640.979314631908,6201.545078158373,6201.545078158373,6201.545078158373,0.0,0.0,0.0,48640.152258390255
2004-08-20,36798.386361753976,16241.564044001621,73103.45535575523,36798.386361753976,36798.386361753976,8292.00956529913,8292.00956529913,8292.00956529913,1549.340482326914,1549.340482326914,1549.340482326914,6742.669082972215,6742.669082972215,6742.669082972215,0.0,0.0,0.0,45090.395927053105
2004-08-21,36799.14485790798,1689.6499084390346,63670.64123326846,36799.14485790798,36799.14485790798,-4653.003589615817,-4653.003589615817,-4653.003589615817,-11889.752134755017,-11889.752134755017,-11889.752134755017,7236.748545139201,7236.748545139201,7236.748545139201,0.0,0.0,0.0,32146.141268292165
2004-08-27,36803.695834831975,17614.305778289,77535.49860762978,36803.695834831975,36803.695834831975,9914.71356351557,9914.71356351557,9914.71356351557,1549.3404823265314,1549.3404823265314,1549.3404823265314,8365.373081189038,8365.373081189038,8365.373081189038,0.0,0.0,0.0,46718.40939834755
2004-08-28,36804.45433098597,1728.2966042175908,62955.42155738044,36804.45433098597,36804.45433098597,-3753.060450502369,-3753.060450502369,-3753.060450502369,-11889.75213475857,-11889.75213475857,-11889.75213475857,8136.691684256202,8136.691684256202,8136.691684256202,0.0,0.0,0.0,33051.39388048361
2004-08-30,36805.971323293976,9154.621970770688,70096.90478566644,36805.971323293976,36805.971323293976,4435.345338466845,4435.345338466845,4435.345338466845,-2827.7386051415533,-2827.7386051415533,-2827.7386051415533,7263.083943608397,7263.083943608397,7263.083943608397,0.0,0.0,0.0,41241.31666176082
2004-09-01,36807.48831560197,14311.602103292076,72853.72302769948,36807.48831560197,36807.48831560197,6424.604671452444,6424.604671452444,6424.604671452444,585.9050626725082,585.9050626725082,585.9050626725082,5838.699608779935,5838.699608779935,5838.699608779935,0.0,0.0,0.0,43232.09298705441
2004-09-03,36809.005307909974,12714.523896797033,72872.07762503761,36809.005307909974,36809.005307909974,5457.031915221907,5457.031915221907,5457.031915221907,1549.3404823477738,1549.3404823477738,1549.3404823477738,3907.691432874133,3907.691432874133,3907.691432874133,0.0,0.0,0.0,42266.03722313188
2004-09-07,36812.03929114754,6187.935494010494,69881.96711355259,36812.03929114754,36812.03929114754,1259.379792141666,1259.379792141666,1259.379792141666,2351.641517131914,2351.641517131914,2351.641517131914,-1092.261724990248,-1092.261724990248,-1092.261724990248,0.0,0.0,0.0,38071.419083289205
2004-09-08,36812.79778695694,5798.34714153713,62859.59919879158,36812.79778695694,36812.79778695694,-1896.2088633305236,-1896.2088633305236,-1896.2088633305236,585.9050626571741,585.9050626571741,585.9050626571741,-2482.1139259876977,-2482.1139259876977,-2482.1139259876977,0.0,0.0,0.0,34916.58892362641
2004-09-09,36813.55628276632,8198.036701942941,68535.9781463768,36813.55628276632,36813.55628276632,1752.403110208682,1752.403110208682,1752.403110208682,5640.979314604902,5640.979314604902,5640.979314604902,-3888.576204396221,-3888.576204396221,-3888.576204396221,0.0,0.0,0.0,38565.959392975004
2004-09-10,36814.31477857571,2458.59999023391,61609.993433987205,36814.31477857571,36814.31477857571,-3741.1349411410483,-3741.1349411410483,-3741.1349411410483,1549.3404823145743,1549.3404823145743,1549.3404823145743,-5290.475423455623,-5290.475423455623,-5290.475423455623,0.0,0.0,0.0,33073.17983743466
2004-09-15,36818.10725762267,-5678.6839351842955,55113.2807324203,36818.10725762267,36818.10725762267,-10908.829633229238,-10908.829633229238,-10908.829633229238,585.9050626710197,585.9050626710197,585.9050626710197,-11494.734695900259,-11494.734695900259,-11494.734695900259,0.0,0.0,0.0,25909.277624393435
2004-09-16,36818.86575343206,-129.7039775002108,58976.04586997844,36818.86575343206,36818.86575343206,-6796.366775689397,-6796.366775689397,-6796.366775689397,5640.979314633691,5640.979314633691,5640.979314633691,-12437.346090323088,-12437.346090323088,-12437.346090323088,0.0,0.0,0.0,30022.49897774266
2004-09-27,36827.20920733536,-9157.637089447015,53201.6451264473,36827.20920733536,36827.20920733536,-14690.145829893483,-14690.145829893483,-14690.145829893483,-2827.7386051450167,-2827.7386051450167,-2827.7386051450167,-11862.407224748467,-11862.407224748467,-11862.407224748467,0.0,0.0,0.0,22137.063377441882
2004-09-30,36829.47422040415,6184.190479774281,65947.87557858574,36829.47422040415,36829.47422040415,-2531.009706676447,-2531.009706676447,-2531.009706676447,5640.979314655995,5640.979314655995,5640.979314655995,-8171.989021332442,-8171.989021332442,-8171.989021332442,0.0,0.0,0.0,34298.4645137277
2004-10-06,36834.00424654173,7857.973070552986,67832.51183170722,36834.00424654173,36834.00424654173,2617.295577744159,2617.295577744159,2617.295577744159,585.905062660419,585.905062660419,585.905062660419,2031.39051508374,2031.39051508374,2031.39051508374,0.0,0.0,0.0,39451.29982428589
2004-10-11,36837.77926832304,17494.477548472518,75072.76698056719,36837.77926832304,36837.77926832304,8607.178699495555,8607.178699495555,8607.178699495555,-2827.738605151307,-2827.738605151307,-2827.738605151307,11434.917304646862,11434.917304646862,11434.917304646862,0.0,0.0,0.0,45444.95796781859
2004-10-13,36839.289277035554,22545.034089833694,83404.06965957164,36839.289277035554,36839.289277035554,15562.787156374716,15562.787156374716,15562.787156374716,585.9050626742644,585.9050626742644,585.9050626742644,14976.882093700455,14976.882093700455,14976.882093700455,0.0,0.0,0.0,52402.07643341027
2004-10-14,36840.04428139182,29985.446043823955,87406.13479903025,36840.04428139182,36840.04428139182,22291.41858786699,22291.41858786699,22291.41858786699,5640.9793146354705,5640.9793146354705,5640.9793146354705,16650.439273231517,16650.439273231517,16650.439273231517,0.0,0.0,0.0,59131.46286925881
2004-10-15,36840.799285748086,27346.918354472713,85847.96186144382,36840.799285748086,36840.799285748086,19794.231871632957,19794.231871632957,19794.231871632957,1549.3404822686532,1549.3404822686532,1549.3404822686532,18244.891389364304,18244.891389364304,18244.891389364304,0.0,0.0,0.0,56635.03115738105
2004-10-16,36841.55429010435,12381.73546363096,73564.95879986683,36841.55429010435,36841.55429010435,7861.077170706479,7861.077170706479,7861.077170706479,-11889.752134754499,-11889.752134754499,-11889.752134754499,19750.82930546098,19750.82930546098,19750.82930546098,0.0,0.0,0.0,44702.63146081083
2004-10-21,36845.3293108262,38668.612929127405,98285.51256567717,36845.3293108262,36845.3293108262,31334.35384088286,31334.35384088286,31334.35384088286,5640.979314664259,5640.979314664259,5640.979314664259,25693.374526218602,25693.374526218602,25693.374526218602,0.0,0.0,0.0,68179.68315170906
2004-10-22,36846.084314970576,34263.17268409046,93881.18436404568,36846.084314970576,36846.084314970576,28076.058611991142,28076.058611991142,28076.058611991142,1549.3404823443364,1549.3404823443364,1549.3404823443364,26526.7181296468,26526.7181296468,26526.7181296468,0.0,0.0,0.0,64922.14292696172
2004-10-29,36851.36934398118,38849.554953804,96501.2107539448,36851.36934398118,36851.36934398118,30373.37461204289,30373.37461204289,30373.37461204289,1549.3404823439535,1549.3404823439535,1549.3404823439535,28824.03412969894,28824.03412969894,28824.03412969894,0.0,0.0,0.0,67224.74395602407
2004-11-01,36853.634356414295,31878.359182682685,91436.27247658557,36853.634356414295,36853.634356414295,25211.49136728462,25211.49136728462,25211.49136728462,-2827.7386051372964,-2827.7386051372964,-2827.7386051372964,28039.229972421916,28039.229972421916,28039.229972421916,0.0,0.0,0.0,62065.12572369892
2004-11-02,36854.38936055866,38517.208151987514,97160.48348821097,36854.38936055866,36854.38936055866,29932.08266351088,29932.08266351088,29932.08266351088,2351.641517140301,2351.641517140301,2351.641517140301,27580.441146370576,27580.441146370576,27580.441146370576,0.0,0.0,0.0,66786.47202406955
2004-11-03,36855.14436470304,34515.57972243268,95684.6049526005,36855.14436470304,36855.14436470304,27622.441996030928,27622.441996030928,27622.441996030928,585.9050626636639,585.9050626636639,585.9050626636639,27036.53693336726,27036.53693336726,27036.53693336726,0.0,0.0,0.0,64477.58636073397
2004-11-04,36855.89936884741,40234.07982193447,99141.85857269372,36855.89936884741,36855.89936884741,32057.77789757185,32057.77789757185,32057.77789757185,5640.979314647514,5640.979314647514,5640.979314647514,26416.798582924333,26416.798582924333,26416.798582924333,0.0,0.0,0.0,68913.67726641925
2004-11-05,36856.65437402711,34142.65388135776,95177.6021873536,36856.65437402711,36856.65437402711,27280.519083735737,27280.519083735737,27280.519083735737,1549.340482343572,1549.340482343572,1549.340482343572,25731.178601392166,25731.178601392166,25731.178601392166,0.0,0.0,0.0,64137.173457762845
2004-11-09,36859.67439474591,33839.8424785166,92926.34664492513,36859.67439474591,36859.67439474591,24897.29827801917,24897.29827801917,24897.29827801917,2351.641517132704,2351.641517132704,2351.641517132704,22545.656760886468,22545.656760886468,22545.656760886468,0.0,0.0,0.0,61756.972672765085
2004-11-10,36860.42939992562,28328.198762189157,88706.10796634897,36860.42939992562,36860.42939992562,22280.510367460465,22280.510367460465,22280.510367460465,585.9050626775098,585.9050626775098,585.9050626775098,21694.605304782955,21694.605304782955,21694.605304782955,0.0,0.0,0.0,59140.93976738608
2004-11-12,36861.93941028502,28011.45294018376,88161.91262700294,36861.93941028502,36861.93941028502,21553.960180776266,21553.960180776266,21553.960180776266,1549.3404823319968,1549.3404823319968,1549.3404823319968,20004.61969844427,20004.61969844427,20004.61969844427,0.0,0.0,0.0,58415.89959106129
2004-11-15,36864.20442582413,20954.613418441888,80765.27242152084,36864.20442582413,36864.20442582413,14821.34018897978,14821.34018897978,14821.34018897978,-2827.7386051344683,-2827.7386051344683,-2827.7386051344683,17649.078794114248,17649.078794114248,17649.078794114248,0.0,0.0,0.0,51685.54461480391
2004-11-16,36864.95943100384,26760.393400774617,87392.64472388064,36864.95943100384,36864.95943100384,19297.023468802505,19297.023468802505,19297.023468802505,2351.641517125108,2351.641517125108,2351.641517125108,16945.3819516774,16945.3819516774,16945.3819516774,0.0,0.0,0.0,56161.982899806346
2004-11-17,36865.71443618354,22931.69500809949,84411.93576638318,36865.71443618354,36865.71443618354,16878.977351974547,16878.977351974547,16878.977351974547,585.9050626913547,585.9050626913547,585.9050626913547,16293.072289283191,16293.072289283191,16293.072289283191,0.0,0.0,0.0,53744.69178815809
2004-11-18,36866.46944136324,30690.086643785828,88008.01617477377,36866.46944136324,36866.46944136324,21337.42422267565,21337.42422267565,21337.42422267565,5640.979314634552,5640.979314634552,5640.979314634552,15696.444908041098,15696.444908041098,15696.444908041098,0.0,0.0,0.0,58203.893664038886
2004-11-19,36867.22444654293,22867.79523070485,82842.72109102466,36867.22444654293,36867.22444654293,16707.57833419366,16707.57833419366,16707.57833419366,1549.340482331614,1549.340482331614,1549.340482331614,15158.237851862044,15158.237851862044,15158.237851862044,0.0,0.0,0.0,53574.80278073659
2004-11-20,36867.97945172264,9891.187027272563,71309.29842903333,36867.97945172264,36867.97945172264,2789.8025485073426,2789.8025485073426,2789.8025485073426,-11889.752134754985,-11889.752134754985,-11889.752134754985,14679.554683262328,14679.554683262328,14679.554683262328,0.0,0.0,0.0,39657.782000229985
2004-11-21,36868.73445690234,27870.0653533417,85126.10745539861,36868.73445690234,36868.73445690234,18849.444980145738,18849.444980145738,18849.444980145738,4589.624363140517,4589.624363140517,4589.624363140517,14259.820617005218,14259.820617005218,14259.820617005218,0.0,0.0,0.0,55718.17943704808
2004-11-22,36869.48946208204,20505.265374248906,76856.06099704841,36869.48946208204,36869.48946208204,11069.03639342163,11069.03639342163,11069.03639342163,-2827.738605133056,-2827.738605133056,-2827.738605133056,13896.774998554685,13896.774998554685,13896.774998554685,0.0,0.0,0.0,47938.52585550367
2004-11-23,36870.24446726175,21690.447749765284,81886.07208043303,36870.24446726175,36870.24446726175,15938.14359142006,15938.14359142006,15938.14359142006,2351.6415171491044,2351.6415171491044,2351.6415171491044,13586.502074270955,13586.502074270955,13586.502074270955,0.0,0.0,0.0,52808.38805868181
2004-11-24,36870.99947244145,18477.78737540357,81124.80974406537,36870.99947244145,36870.99947244145,13909.40612450729,13909.40612450729,13909.40612450729,585.9050626530642,585.9050626530642,585.9050626530642,13323.501061854226,13323.501061854226,13323.501061854226,0.0,0.0,0.0,50780.40559694874
2004-11-25,36871.75447762115,24837.600661631524,86009.38612227805,36871.75447762115,36871.75447762115,18741.77483188164,18741.77483188164,18741.77483188164,5640.97931462429,5640.97931462429,5640.97931462429,13100.79551725735,13100.79551725735,13100.79551725735,0.0,0.0,0.0,55613.52930950279
2004-11-29,36874.77449833996,16004.709703755598,75839.55816241543,36874.77449833996,36874.77449833996,9603.262287553998,9603.262287553998,9603.262287553998,-2827.7386051407593,-2827.7386051407593,-2827.7386051407593,12431.000892694758,12431.000892694758,12431.000892694758,0.0,0.0,0.0,46478.03678589396
2004-12-01,36876.28450869937,17775.176083435395,80173.92230986523,36876.28450869937,36876.28450869937,12664.406620735674,12664.406620735674,12664.406620735674,585.9050626669092,585.9050626669092,585.9050626669092,12078.501558068765,12078.501558068765,12078.501558068765,0.0,0.0,0.0,49540.69112943504
2004-12-02,36877.03951387907,23306.58549401929,83464.78670252259,36877.03951387907,36877.03951387907,17498.85323443074,17498.85323443074,17498.85323443074,5640.979314614027,5640.979314614027,5640.979314614027,11857.873919816708,11857.873919816708,11857.873919816708,0.0,0.0,0.0,54375.89274830981
2004-12-03,36877.79451905877,18633.433123737563,77816.93165046962,36877.79451905877,36877.79451905877,13142.23427895823,13142.23427895823,13142.23427895823,1549.3404823308501,1549.3404823308501,1549.3404823308501,11592.89379662738,11592.89379662738,11592.89379662738,0.0,0.0,0.0,50020.028798017
2004-12-04,36878.54952423847,6248.381800721889,66302.80003112959,36878.54952423847,36878.54952423847,-616.3789291029543,-616.3789291029543,-616.3789291029543,-11889.752134744813,-11889.752134744813,-11889.752134744813,11273.37320564186,11273.37320564186,11273.37320564186,0.0,0.0,0.0,36262.17059513552
2004-12-07,36880.81453977758,17631.43959978221,78578.84209712983,36880.81453977758,36880.81453977758,12254.746774985399,12254.746774985399,12254.746774985399,2351.6415171339117,2351.6415171339117,2351.6415171339117,9903.105257851488,9903.105257851488,9903.105257851488,0.0,0.0,0.0,49135.56131476298
2004-12-09,36882.32455013698,20800.604496520402,80140.04129678936,36882.32455013698,36882.32455013698,14230.166477826564,14230.166477826564,14230.166477826564,5640.979314607547,5640.979314607547,5640.979314607547,8589.187163219018,8589.187163219018,8589.187163219018,0.0,0.0,0.0,51112.491027963544
2004-12-10,36883.07955531669,16165.984392908484,73580.7828751456,36883.07955531669,36883.07955531669,9354.020014764237,9354.020014764237,9354.020014764237,1549.3404823192745,1549.3404823192745,1549.3404823192745,7804.679532444962,7804.679532444962,7804.679532444962,0.0,0.0,0.0,46237.09957008093
2004-12-15,36886.8545812152,11776.480619453356,70949.02051769299,36886.8545812152,36886.8545812152,3324.072351047551,3324.072351047551,3324.072351047551,585.9050627029665,585.9050627029665,585.9050627029665,2738.167288344584,2738.167288344584,2738.167288344584,0.0,0.0,0.0,40210.92693226275
2004-12-17,36888.3645915746,9467.451827984061,67779.89202606556,36888.3645915746,36888.3645915746,1883.7692182932403,1883.7692182932403,1883.7692182932403,1549.3404823188926,1549.3404823188926,1549.3404823188926,334.42873597434794,334.42873597434794,334.42873597434794,0.0,0.0,0.0,38772.13380986784
2005-01-05,36902.709689988944,-4032.609508992654,55057.456283364205,36902.709689988944,36902.709689988944,-10202.084027112785,-10202.084027112785,-10202.084027112785,585.9050626548207,585.9050626548207,585.9050626548207,-10787.989089767609,-10787.989089767609,-10787.989089767609,0.0,0.0,0.0,26700.62566287616
2005-01-06,36903.46469516865,1840.7646179285105,60613.28212841968,36903.46469516865,36903.46469516865,-4660.502098850538,-4660.502098850538,-4660.502098850538,5640.979314609327,5640.979314609327,5640.979314609327,-10301.481413459866,-10301.481413459866,-10301.481413459866,0.0,0.0,0.0,32242.962596318113
2005-01-07,36904.21970034835,-2160.8435145842113,57207.852377989715,36904.21970034835,36904.21970034835,-8192.056180627524,-8192.056180627524,-8192.056180627524,1549.3404823065528,1549.3404823065528,1549.3404823065528,-9741.396662934078,-9741.396662934078,-9741.396662934078,0.0,0.0,0.0,28712.16351972083
2005-01-10,36906.48471588746,-3801.0159139428943,57161.61247053347,36906.48471588746,36906.48471588746,-10599.48417303324,-10599.48417303324,-10599.48417303324,-2827.738605141396,-2827.738605141396,-2827.738605141396,-7771.745567891843,-7771.745567891843,-7771.745567891843,0.0,0.0,0.0,26307.00054285422
2005-01-12,36907.99472624686,397.96668516306033,60638.36802992414,36907.99472624686,36907.99472624686,-5789.635396421397,-5789.635396421397,-5789.635396421397,585.9050626686653,585.9050626686653,585.9050626686653,-6375.540459090062,-6375.540459090062,-6375.540459090062,0.0,0.0,0.0,31118.359329825467
2005-01-19,36913.27976250478,7305.763655212722,66455.3735414985,36913.27976250478,36913.27976250478,-2089.7688042965056,-2089.7688042965056,-2089.7688042965056,585.9050626825106,585.9050626825106,585.9050626825106,-2675.673866979016,-2675.673866979016,-2675.673866979016,0.0,0.0,0.0,34823.51095820828
2005-01-20,36914.03476768448,9404.531436771367,68157.52729172993,36914.03476768448,36914.03476768448,3228.97222807165,3228.97222807165,3228.97222807165,5640.979314666902,5640.979314666902,5640.979314666902,-2412.007086595252,-2412.007086595252,-2412.007086595252,0.0,0.0,0.0,40143.006995756135
2005-01-23,36916.29978322359,9478.388756019633,69819.59878489094,36916.29978322359,36916.29978322359,2534.350559924969,2534.350559924969,2534.350559924969,4589.6243631290645,4589.6243631290645,4589.6243631290645,-2055.273803204096,-2055.273803204096,-2055.273803204096,0.0,0.0,0.0,39450.65034314856
2005-01-26,36918.564798762694,5330.73654359256,63381.94945015054,36918.564798762694,36918.564798762694,-1643.4313351892342,-1643.4313351892342,-1643.4313351892342,585.9050626588094,585.9050626588094,585.9050626588094,-2229.3363978480434,-2229.3363978480434,-2229.3363978480434,0.0,0.0,0.0,35275.13346357346
2005-01-31,36922.339824661205,2434.2342190550658,60688.24342478595,36922.339824661205,36922.339824661205,-5799.35150195659,-5799.35150195659,-5799.35150195659,-2827.7386051602753,-2827.7386051602753,-2827.7386051602753,-2971.612896796315,-2971.612896796315,-2971.612896796315,0.0,0.0,0.0,31122.988322704616
2005-02-02,36923.849835020614,4398.901435691427,66108.02780766385,36923.849835020614,36923.849835020614,-2572.6540181124024,-2572.6540181124024,-2572.6540181124024,585.9050626580656,585.9050626580656,585.9050626580656,-3158.559080770468,-3158.559080770468,-3158.559080770468,0.0,0.0,0.0,34351.19581690821
2005-02-03,36924.604840200314,9884.964726000715,67805.63509524646,36924.604840200314,36924.604840200314,2452.99909938363,2452.99909938363,2452.99909938363,5640.979314650158,5640.979314650158,5640.979314650158,-3187.9802152665284,-3187.9802152665284,-3187.9802152665284,0.0,0.0,0.0,39377.60393958395
2005-02-08,36928.379866098825,6539.786126175454,67065.29025046046,36928.379866098825,36928.379866098825,-127.67037961236926,-127.67037961236926,-127.67037961236926,2351.641517134701,2351.641517134701,2351.641517134701,-2479.3118967470705,-2479.3118967470705,-2479.3118967470705,0.0,0.0,0.0,36800.709486486456
2005-02-09,36929.134871278526,5304.145971658388,63952.87192685841,36929.134871278526,36929.134871278526,-1574.0128771512643,-1574.0128771512643,-1574.0128771512643,585.9050626719098,585.9050626719098,585.9050626719098,-2159.917939823174,-2159.917939823174,-2159.917939823174,0.0,0.0,0.0,35355.121994127265
2005-02-10,36929.889876458226,11213.750921895129,72128.04339586932,36929.889876458226,36929.889876458226,3852.152251600013,3852.152251600013,3852.152251600013,5640.979314639896,5640.979314639896,5640.979314639896,-1788.8270630398831,-1788.8270630398831,-1788.8270630398831,0.0,0.0,0.0,40782.04212805824
2005-02-16,36934.419907536445,7450.728876978723,65601.84040176192,36934.419907536445,36934.419907536445,1604.450184400561,1604.450184400561,1604.450184400561,585.905062685755,585.905062685755,585.905062685755,1018.5451217148061,1018.5451217148061,1018.5451217148061,0.0,0.0,0.0,38538.87009193701
2005-02-17,36935.174912716146,12947.497301412068,73589.38672956092,36935.174912716146,36935.174912716146,7116.206872428168,7116.206872428168,7116.206872428168,5640.9793146686825,5640.9793146686825,5640.9793146686825,1475.2275577594844,1475.2275577594844,1475.2275577594844,0.0,0.0,0.0,44051.38178514432
2005-02-22,36938.949938614656,11674.601289172893,70776.41846839397,36938.949938614656,36938.949938614656,5323.757760055519,5323.757760055519,5323.757760055519,2351.641517119507,2351.641517119507,2351.641517119507,2972.116242936011,2972.116242936011,2972.116242936011,0.0,0.0,0.0,42262.70769867017
2005-02-23,36939.70494379436,10048.1773709996,69158.01371409232,36939.70494379436,36939.70494379436,3630.2200635502127,3630.2200635502127,3630.2200635502127,585.9050626474649,585.9050626474649,585.9050626474649,3044.3150009027477,3044.3150009027477,3044.3150009027477,0.0,0.0,0.0,40569.92500734457
2005-02-28,36943.479969692875,5258.533576819146,67634.52269422391,36943.479969692875,36943.479969692875,-830.81914263716,-830.81914263716,-830.81914263716,-2827.7386051399653,-2827.7386051399653,-2827.7386051399653,1996.9194625028053,1996.9194625028053,1996.9194625028053,0.0,0.0,0.0,36112.66082705571
2005-03-01,36944.234974872576,10130.655084874204,67746.68170873706,36944.234974872576,36944.234974872576,3865.024378943363,3865.024378943363,3865.024378943363,2351.6415171435037,2351.6415171435037,2351.6415171435037,1513.382861799859,1513.382861799859,1513.382861799859,0.0,0.0,0.0,40809.25935381594
2005-03-02,36944.989980052276,8550.57205205476,67898.52077791677,36944.989980052276,36944.989980052276,1536.353896135256,1536.353896135256,1536.353896135256,585.9050626613097,585.9050626613097,585.9050626613097,950.4488334739463,950.4488334739463,950.4488334739463,0.0,0.0,0.0,38481.34387618753
2005-03-03,36945.74498523198,12947.890760314755,74130.51677779542,36945.74498523198,36945.74498523198,5957.790609286658,5957.790609286658,5957.790609286658,5640.979314616672,5640.979314616672,5640.979314616672,316.8112946699859,316.8112946699859,316.8112946699859,0.0,0.0,0.0,42903.53559451863
2005-03-04,36946.499990411685,5908.297346558886,68214.25526158923,36946.499902221345,36946.500111688714,1171.9089691194897,1171.9089691194897,1171.9089691194897,1549.34048233555,1549.34048233555,1549.34048233555,-377.4315132160604,-377.4315132160604,-377.4315132160604,0.0,0.0,0.0,38118.408959531174
2005-03-09,36950.27501631019,5683.483519315511,61895.81200102652,36950.27479659964,36950.27528323366,-3757.221915394874,-3757.221915394874,-3757.221915394874,585.9050626751552,585.9050626751552,585.9050626751552,-4343.1269780700295,-4343.1269780700295,-4343.1269780700295,0.0,0.0,0.0,33193.05310091531
2005-03-10,36951.030021489896,6677.164035078195,68593.33516797116,36951.02962222553,36951.03051388089,492.8007688866538,492.8007688866538,492.8007688866538,5640.979314606409,5640.979314606409,5640.979314606409,-5148.178545719756,-5148.178545719756,-5148.178545719756,0.0,0.0,0.0,37443.83079037655
2005-03-15,36954.80504738841,1703.7391047885524,60778.56249897482,36954.80448228475,36954.80579428233,-6286.384756521572,-6286.384756521572,-6286.384756521572,2351.6415171283124,2351.6415171283124,2351.6415171283124,-8638.026273649884,-8638.026273649884,-8638.026273649884,0.0,0.0,0.0,30668.420290866834
2005-03-17,36956.315057747815,3909.9531428328182,65587.32945025933,36956.31419080568,36956.316064890656,-4017.9389042223393,-4017.9389042223393,-4017.9389042223393,5640.979314638977,5640.979314638977,5640.979314638977,-9658.918218861316,-9658.918218861316,-9658.918218861316,0.0,0.0,0.0,32938.376153525474
2005-03-23,36960.84508882602,-3263.448403756203,57328.96043058486,36960.84391996743,36960.8464436892,-10776.354178889664,-10776.354178889664,-10776.354178889664,585.9050626507099,585.9050626507099,585.9050626507099,-11362.259241540376,-11362.259241540376,-11362.259241540376,0.0,0.0,0.0,26184.490909936358
2005-03-28,36964.62011472454,-9214.386529741576,54389.39786046636,36964.61858598205,36964.62176353777,-14717.943978279227,-14717.943978279227,-14717.943978279227,-2827.738605143429,-2827.738605143429,-2827.738605143429,-11890.205373135796,-11890.205373135796,-11890.205373135796,0.0,0.0,0.0,22246.676136445312
2005-03-30,36966.13012508393,-3786.5644901815003,54046.81105434531,36966.128344457575,36966.13222265971,-11515.875275938432,-11515.875275938432,-11515.875275938432,585.9050626875114,585.9050626875114,585.9050626875114,-12101.780338625944,-12101.780338625944,-12101.780338625944,0.0,0.0,0.0,25450.2548491455
2005-04-01,36967.64013544334,-3350.096220317951,56595.96640582637,36967.63795487667,36967.642612829986,-10833.330557269408,-10833.330557269408,-10833.330557269408,1549.3404823228277,1549.3404823228277,1549.3404823228277,-12382.671039592235,-12382.671039592235,-12382.671039592235,0.0,0.0,0.0,26134.309578173932
2005-04-03,36969.15014580275,-375.2915353264563,57728.18557273378,36969.147573909155,36969.15307209584,-8160.700325056693,-8160.700325056693,-8160.700325056693,4589.624363124146,4589.624363124146,4589.624363124146,-12750.324688180839,-12750.324688180839,-12750.324688180839,0.0,0.0,0.0,28808.449820746057
2005-04-07,36972.17016652156,-2514.001365778312,58329.818861983826,36972.16727398342,36972.17344537359,-8043.195554119887,-8043.195554119887,-8043.195554119887,5640.979314611971,5640.979314611971,5640.979314611971,-13684.174868731858,-13684.174868731858,-13684.174868731858,0.0,0.0,0.0,28928.97461240167
2005-04-08,36972.92517170126,-4026.9210357891025,55708.684906216615,36972.921867785415,36972.92874498961,-12377.533093082691,-12377.533093082691,-12377.533093082691,1549.3404823112533,1549.3404823112533,1549.3404823112533,-13926.873575393944,-13926.873575393944,-13926.873575393944,0.0,0.0,0.0,24595.39207861857
2005-04-14,36977.45520277947,-1699.2487912750714,57142.2138832031,36977.45144622303,36977.459155106495,-9123.430280125911,-9123.430280125911,-9123.430280125911,5640.979314640759,5640.979314640759,5640.979314640759,-14764.40959476667,-14764.40959476667,-14764.40959476667,0.0,0.0,0.0,27854.02492265356
2005-04-15,36978.21020795917,-2826.6912330748914,54679.66547592878,36978.20592138067,36978.21448929782,-13157.788332552132,-13157.788332552132,-13157.788332552132,1549.3404823108701,1549.3404823108701,1549.3404823108701,-14707.128814863003,-14707.128814863003,-14707.128814863003,0.0,0.0,0.0,23820.42187540704
2005-04-22,36983.49524421709,-2272.1989724733285,58792.842307251274,36983.490619952914,36983.49996320145,-10282.049453504373,-10282.049453504373,-10282.049453504373,1549.3404823104881,1549.3404823104881,1549.3404823104881,-11831.389935814861,-11831.389935814861,-11831.389935814861,0.0,0.0,0.0,26701.445790712718
2005-04-23,36984.2502493968,-12888.259094274948,43597.99301615322,36984.24518273494,36984.25538749283,-22948.62315900026,-22948.62315900026,-22948.62315900026,-11889.752134757986,-11889.752134757986,-11889.752134757986,-11058.871024242275,-11058.871024242275,-11058.871024242275,0.0,0.0,0.0,14035.627090396538
2005-05-01,36990.29029083441,7979.445027605341,66004.61541095159,36990.28468903973,36990.295714815526,1462.668081239536,1462.668081239536,1462.668081239536,4589.624363131031,4589.624363131031,4589.624363131031,-3126.9562818914956,-3126.9562818914956,-3126.9562818914956,0.0,0.0,0.0,38452.95837207395
2005-05-03,36991.80030119382,8364.183738194655,67601.6257788754,36991.79416219164,36991.80613391361,1168.2766902027818,1168.2766902027818,1168.2766902027818,2351.6415171413087,2351.6415171413087,2351.6415171413087,-1183.3648269385267,-1183.3648269385267,-1183.3648269385267,0.0,0.0,0.0,38160.0769913966
2005-05-05,36993.31031155322,14169.814130297493,71864.83675260597,36993.30363937487,36993.31669940839,6141.566637673894,6141.566637673894,6141.566637673894,5640.979314613754,5640.979314613754,5640.979314613754,500.587323060141,500.587323060141,500.587323060141,0.0,0.0,0.0,43134.87694922712
2005-05-06,36994.06531673292,7850.003941412123,68179.68888007682,36994.058147586955,36994.07220409,2762.3461327894483,2762.3461327894483,2762.3461327894483,1549.3404822985308,1549.3404822985308,1549.3404822985308,1213.0056504909176,1213.0056504909176,1213.0056504909176,0.0,0.0,0.0,39756.41144952237
2005-05-09,36996.330332272024,5649.32439804626,66399.49742829095,36996.3227242658,36996.33765691018,-108.10550332070571,-108.10550332070571,-108.10550332070571,-2827.738605144066,-2827.738605144066,-2827.738605144066,2719.63310182336,2719.63310182336,2719.63310182336,0.0,0.0,0.0,36888.224828951315
2005-05-10,36997.08533745173,13601.035998934405,73088.96077609304,36997.07705329885,36997.093395944845,5344.584587982986,5344.584587982986,5344.584587982986,2351.6415171366984,2351.6415171366984,2351.6415171366984,2992.9430708462874,2992.9430708462874,2992.9430708462874,0.0,0.0,0.0,42341.66992543472
2005-05-13,36999.35035299084,11296.821466557738,72927.74634605873,36999.341287689225,36999.35895512618,4663.2185635863425,4663.2185635863425,4663.2185635863425,1549.3404823525898,1549.3404823525898,1549.3404823525898,3113.878081233753,3113.878081233753,3113.878081233753,0.0,0.0,0.0,41662.568916577184
2005-05-17,37002.37037370965,10996.157414213609,71947.3301378536,37002.36053491712,37002.379385002336,4197.6849447404375,4197.6849447404375,4197.6849447404375,2351.641517129102,2351.641517129102,2351.641517129102,1846.0434276113356,1846.0434276113356,1846.0434276113356,0.0,0.0,0.0,41200.05531845009
2005-05-29,37011.430435866074,6982.432969233251,67466.53275055079,37011.42015173176,37011.4400328139,-87.72125976717585,-87.72125976717585,-87.72125976717585,4589.624363137915,4589.624363137915,4589.624363137915,-4677.34562290509,-4677.34562290509,-4677.34562290509,0.0,0.0,0.0,36923.7091760989
2005-05-30,37012.18544104578,-751.1748432285086,57728.07822066895,37012.174728674196,37012.19558849155,-7819.053247657249,-7819.053247657249,-7819.053247657249,-2827.738605130053,-2827.738605130053,-2827.738605130053,-4991.314642527195,-4991.314642527195,-4991.314642527195,0.0,0.0,0.0,29193.132193388534
2005-05-31,37012.94044622548,5675.771976234523,62698.09454988104,37012.929333495726,37012.95164791993,-2892.6508328414034,-2892.6508328414034,-2892.6508328414034,2351.6415171455014,2351.6415171455014,2351.6415171455014,-5244.292349986905,-5244.292349986905,-5244.292349986905,0.0,0.0,0.0,34120.28961338408
2005-06-01,37013.69545140518,2861.4914992622016,62152.31759161469,37013.6836759665,37013.707642675065,-4851.867438596978,-4851.867438596978,-4851.867438596978,585.9050626557106,585.9050626557106,585.9050626557106,-5437.772501252689,-5437.772501252689,-5437.772501252689,0.0,0.0,0.0,32161.828012808204
2005-06-02,37014.45045658489,7321.671926875794,67615.93398587412,37014.43776886465,37014.46334165295,65.92279645411944,65.92279645411944,65.92279645411944,5640.9793146545835,5640.9793146545835,5640.9793146545835,-5575.056518200464,-5575.056518200464,-5575.056518200464,0.0,0.0,0.0,37080.37325303901
2005-06-03,37015.20546176459,3157.908826587472,62605.95727317383,37015.19215273048,37015.21887090932,-4111.740447658144,-4111.740447658144,-4111.740447658144,1549.34048234025,1549.34048234025,1549.34048234025,-5661.080929998393,-5661.080929998393,-5661.080929998393,0.0,0.0,0.0,32903.46501410645
2005-06-04,37015.960466944285,-9665.789514851846,47382.953491522334,37015.946733741475,37015.97452063833,-17591.95122780091,-17591.95122780091,-17591.95122780091,-11889.752134762024,-11889.752134762024,-11889.752134762024,-5702.199093038887,-5702.199093038887,-5702.199093038887,0.0,0.0,0.0,19424.009239143375
2005-06-05,37016.715472123986,6962.810903035301,67466.53877092451,37016.70102695493,37016.72998472378,-1116.2997162063118,-1116.2997162063118,-1116.2997162063118,4589.6243631410725,4589.6243631410725,4589.6243631410725,-5705.924079347385,-5705.924079347385,-5705.924079347385,0.0,0.0,0.0,35900.415755917675
2005-06-06,37017.470477303694,888.8344013454665,56361.67748902859,37017.45539432383,37017.485684696934,-8508.379319001202,-8508.379319001202,-8508.379319001202,-2827.738605137758,-2827.738605137758,-2827.738605137758,-5680.640713863444,-5680.640713863444,-5680.640713863444,0.0,0.0,0.0,28509.091158302494
2005-06-07,37018.225482483394,4116.670418916043,63875.563688785616,37018.209900224996,37018.241327544725,-3283.65407922861,-3283.65407922861,-3283.65407922861,2351.6415171379053,2351.6415171379053,2351.6415171379053,-5635.295596366516,-5635.295596366516,-5635.295596366516,0.0,0.0,0.0,33734.571403254784
2005-06-08,37018.980487663095,2014.4803753117321,60279.66854703686,37018.964173031614,37018.996905218344,-4993.169476967548,-4993.169476967548,-4993.169476967548,585.9050626695564,585.9050626695564,585.9050626695564,-5579.074539637105,-5579.074539637105,-5579.074539637105,0.0,0.0,0.0,32025.811010695546
2005-06-09,37019.7354928428,10258.597810746207,66856.56422798356,37019.718302988505,37019.75235184293,119.90213933781214,119.90213933781214,119.90213933781214,5640.979314644322,5640.979314644322,5640.979314644322,-5521.077175306509,-5521.077175306509,-5521.077175306509,0.0,0.0,0.0,37139.63763218062
2005-06-10,37020.490498022504,2067.831907526248,62755.12608289025,37020.47269303286,37020.50792080808,-3920.658031503436,-3920.658031503436,-3920.658031503436,1549.3404823398675,1549.3404823398675,1549.3404823398675,-5469.998513843304,-5469.998513843304,-5469.998513843304,0.0,0.0,0.0,33099.83246651907
2005-06-11,37021.245503202204,-10319.418606626643,49699.07640831548,37021.22688084543,37021.263426393365,-17323.579129611942,-17323.579129611942,-17323.579129611942,-11889.752134748302,-11889.752134748302,-11889.752134748302,-5433.826994863642,-5433.826994863642,-5433.826994863642,0.0,0.0,0.0,19697.666373590262
2005-06-12,37022.00050838191,4621.0546582947345,66235.94151037683,37021.98105594929,37022.01899409408,-829.9436732318057,-829.9436732318057,-829.9436732318057,4589.624363131731,4589.624363131731,4589.624363131731,-5419.5680363635365,-5419.5680363635365,-5419.5680363635365,0.0,0.0,0.0,36192.056835150106
2005-06-13,37022.75551356161,-3075.1017949416396,56701.822263728856,37022.735438402204,37022.7747692567,-8260.739907356314,-8260.739907356314,-8260.739907356314,-2827.738605136344,-2827.738605136344,-2827.738605136344,-5433.001302219969,-5433.001302219969,-5433.001302219969,0.0,0.0,0.0,28762.0156062053
2005-06-14,37023.510518741314,4101.187759179182,65044.90418987946,37023.48984207735,37023.530422618096,-3126.8373627664246,-3126.8373627664246,-3126.8373627664246,2351.641517130309,2351.641517130309,2351.641517130309,-5478.478879896733,-5478.478879896733,-5478.478879896733,0.0,0.0,0.0,33896.67315597489
2005-06-15,37024.265523921014,2698.4673312257487,61912.55815969918,37024.2441700881,37024.2863052311,-4972.8652621728515,-4972.8652621728515,-4972.8652621728515,585.9050626834006,585.9050626834006,585.9050626834006,-5558.770324856252,-5558.770324856252,-5558.770324856252,0.0,0.0,0.0,32051.400261748164
2005-06-16,37025.02052910072,7300.0946009644085,65322.94861147536,37024.998386486375,37025.042295850675,-33.97980646456597,-33.97980646456597,-33.97980646456597,5640.9793146416205,5640.9793146416205,5640.9793146416205,-5674.959121106186,-5674.959121106186,-5674.959121106186,0.0,0.0,0.0,36991.04072263616
2005-06-17,37025.775534280416,1564.9165908835348,62787.69283501192,37025.75245770665,37025.7980035814,-4277.053087238365,-4277.053087238365,-4277.053087238365,1549.3404823282926,1549.3404823282926,1549.3404823282926,-5826.393569566658,-5826.393569566658,-5826.393569566658,0.0,0.0,0.0,32748.72244704205
2005-06-18,37026.53053946012,-10864.199516558016,51541.30916733863,37026.506791842236,37026.553767372345,-17900.445627292076,-17900.445627292076,-17900.445627292076,-11889.75213475185,-11889.75213475185,-11889.75213475185,-6010.693492540225,-6010.693492540225,-6010.693492540225,0.0,0.0,0.0,19126.08491216804
2005-06-19,37027.285544639824,5606.3949985354875,67083.97815499749,37027.26070027896,37027.30973909612,-1634.1881176905097,-1634.1881176905097,-1634.1881176905097,4589.624363138264,4589.624363138264,4589.624363138264,-6223.812480828774,-6223.812480828774,-6223.812480828774,0.0,0.0,0.0,35393.097426949316
2005-06-20,37028.040549819525,-4734.217133894694,57850.72667319053,37028.014769405745,37028.06512016036,-9287.892363449706,-9287.892363449706,-9287.892363449706,-2827.738605134931,-2827.738605134931,-2827.738605134931,-6460.153758314775,-6460.153758314775,-6460.153758314775,0.0,0.0,0.0,27740.14818636982
2005-06-21,37028.795554999226,1094.294663648323,61718.641031043146,37028.76867045898,37028.82091236215,-4361.094627952682,-4361.094627952682,-4361.094627952682,2351.6415171227127,2351.6415171227127,2351.6415171227127,-6712.736145075394,-6712.736145075394,-6712.736145075394,0.0,0.0,0.0,32667.700927046542
2005-06-22,37029.55056017893,-1321.9281231897016,60581.566862128726,37029.52245932985,37029.576560588444,-6387.500048269389,-6387.500048269389,-6387.500048269389,585.9050626451107,585.9050626451107,585.9050626451107,-6973.405110914499,-6973.405110914499,-6973.405110914499,0.0,0.0,0.0,30642.05051190954
2005-06-23,37030.305565358634,5228.256357127892,66597.6633393547,37030.27654368369,37030.33214007251,-1592.1032548290307,-1592.1032548290307,-1592.1032548290307,5640.979314631359,5640.979314631359,5640.979314631359,-7233.08256946039,-7233.08256946039,-7233.08256946039,0.0,0.0,0.0,35438.2023105296
2005-06-24,37031.060570538335,2112.6179165457893,60682.91915975569,37031.03103371812,37031.08779805351,-5932.707425708619,-5932.707425708619,-5932.707425708619,1549.3404823279106,1549.3404823279106,1549.3404823279106,-7482.0479080365285,-7482.0479080365285,-7482.0479080365285,0.0,0.0,0.0,31098.353144829714
2005-06-25,37031.815575718036,-12091.931417912656,47006.17520492178,37031.78528840653,37031.84381718384,-19599.993948207844,-19599.993948207844,-19599.993948207844,-11889.752134755403,-11889.752134755403,-11889.752134755403,-7710.241813452442,-7710.241813452442,-7710.241813452442,0.0,0.0,0.0,17431.82162751019
2005-06-26,37032.570580897744,4284.037770883829,63479.2287779278,37032.53898522339,37032.59986699004,-3317.9594031591187,-3317.9594031591187,-3317.9594031591187,4589.624363132297,4589.624363132297,4589.624363132297,-7907.583766291415,-7907.583766291415,-7907.583766291415,0.0,0.0,0.0,33714.611177738625
2005-06-27,37033.325586077444,-5360.356110510908,55695.225196499916,37033.29315731407,37033.35590627527,-10892.032260815251,-10892.032260815251,-10892.032260815251,-2827.738605142635,-2827.738605142635,-2827.738605142635,-8064.293655672615,-8064.293655672615,-8064.293655672615,0.0,0.0,0.0,26141.293325262195
2005-06-28,37034.080591257145,-731.0346731227942,61422.52163862128,37034.047144650984,37034.11189539477,-5819.566308198759,-5819.566308198759,-5819.566308198759,2351.64151714671,2351.64151714671,2351.64151714671,-8171.207825345467,-8171.207825345467,-8171.207825345467,0.0,0.0,0.0,31214.514283058386
